track_id,track_name,primary_artist_id,track_popularity,album_name,duration_ms,is_explicit
7so0lgd0zP2Sbgs2d7a1SZ,Die With A Smile,,91,MAYHEM,251667,False
4wJ5Qq0jBN4ajy7ouZIV1c,APT.,,90,rosie,169917,False
7BqBn9nzAq8spo5e7cZ0dJ,Just the Way You Are,,88,Doo-Wops & Hooligans,220734,False
3w3y8KPTfNeOKPiqUTakBh,Locked out of Heaven,,90,Unorthodox Jukebox,233478,False
0KKkJNfGyhkQ5aFogxQAPU,That's What I Like,,89,24K Magic,206693,False
0nJW01T7XtvILxQgC5J7Wh,When I Was Your Man,,89,Unorthodox Jukebox,213826,False
0M3HkE321xpCbCYqVKzr1q,It Will Rain,,85,It Will Rain,257720,False
161DnLWsx1i3u1JT05lzqU,Talking to the Moon,,84,Doo-Wops & Hooligans,217866,False
22PMfvdz35fFKYnJyMn077,Marry You,,79,Doo-Wops & Hooligans,230192,False
2tJulUYLDKOg9XrtVkMgcJ,Grenade,,79,Doo-Wops & Hooligans,222091,False
0FIDCNYYjNvPVimz5icugS,Timeless (feat Playboi Carti),,95,Hurry Up Tomorrow,256000,True
7CyPwkp0oE8Ro9Dd5CUDjW,"One Of The Girls (with JENNIE, Lily Rose Depp)",,94,The Idol Episode 4 (Music from the HBO Original Series),244684,False
7MXVkk9YMctZqd1Srtv4MB,Starboy,,91,Starboy,230453,True
0VjIjW4GlUZAMYd2vXMi3b,Blinding Lights,,91,After Hours,200040,False
2LBqCSwhJGcFQeTHMVGwy3,Die For You,,88,Starboy,260253,False
7DY756WOLyOz2Xnhw4EFiC,São Paulo (feat. Anitta),,88,Hurry Up Tomorrow,301623,True
68qeaZhtMZ6abrJCYt6nQn,RATHER LIE (with The Weeknd),,88,MUSIC,209680,True
7fBv7CLKzipRk6EC6TWHOB,The Hills,,88,Beauty Behind The Madness,242253,True
5QO79kh1waicV47BqGRL3g,Save Your Tears,,88,After Hours,215626,True
3AWDeHLc88XogCaCnZQLVI,Cry For Me,,87,Hurry Up Tomorrow,224136,True
7so0lgd0zP2Sbgs2d7a1SZ,Die With A Smile,,91,MAYHEM,251667,False
2LHNTC9QZxsL3nWpt8iaSR,Abracadabra,,88,MAYHEM,223398,False
1QV6tiMFM6fSOKOGLMHYYg,Poker Face,,88,The Fame,237200,True
7F25roCtYi55JouckaayPC,Judas,,87,Born This Way (International Special Edition Version),249066,False
1dzQoRqT5ucxXVaAhTcT0J,Just Dance,,86,The Fame,241933,False
0SiywuOBRcynK0uKGWdCnn,Bad Romance,,89,The Fame Monster (Deluxe Edition),294573,True
2VxeLyX666F8uXCJ0dZF8B,Shallow,,88,A Star Is Born Soundtrack,215733,False
2rbDhOo9Fh61Bbu23T2qCk,Always Remember Us This Way,,87,A Star Is Born Soundtrack (Without Dialogue),210200,False
02XnQdf7sipaKBBHixz3Zp,Paparazzi,,84,The Fame,208306,True
4mUR5Tv0CvJtpmnUtzeIgd,Garden Of Eden,,86,MAYHEM,239720,False
6dOtVTDdiauQNBQEDOtlAB,BIRDS OF A FEATHER,,100,HIT ME HARD AND SOFT,210373,False
3QaPy1KgI7nu9FJEQUgn6h,WILDFLOWER,,96,HIT ME HARD AND SOFT,261466,False
7BRD7x5pt8Lqa1eGYC4dzj,CHIHIRO,,91,HIT ME HARD AND SOFT,303440,False
0u2P5u6lvoDfwTYjAADbn4,lovely (with Khalid),,90,lovely (with Khalid),200185,False
0IsIY8pfu1yaGkPUD7pkDx,Guess featuring billie eilish,,87,Brat and it’s completely different but also still brat,143330,False
7hDVYcQq6MxkdJGweuCtl9,ocean eyes,,86,dont smile at me,200379,False
43zdsphuZLzwA9k4DJhU0I,when the party's over,,88,"WHEN WE ALL FALL ASLEEP, WHERE DO WE GO?",196077,False
6wf7Yu7cxBSPrRlWeSeK0Q,"What Was I Made For? [From The Motion Picture ""Barbie""]",,88,"What Was I Made For? [From The Motion Picture ""Barbie""]",222369,False
629DixmZGHc7ILtEntuiWE,LUNCH,,88,HIT ME HARD AND SOFT,179586,False
3GYlZ7tbxLOxe6ewMNVTkw,TV,,87,Guitar Songs,281380,False
6qn9YLKt13AGvpq9jfO8py,We Found Love,,86,Talk That Talk,215226,False
46aZJc0z1HHHSFxaIRxYSP,Breakin' Dishes,,87,Good Girl Gone Bad: Reloaded,200573,False
2ENexcMEMsYk0rVJigVD3i,Only Girl (In The World),,87,Loud (Japan Version),235493,False
0ByMNEPAPpOR5H69DVrTNy,Don't Stop The Music,,86,Good Girl Gone Bad: Reloaded,267080,False
49FYlytm3dAAraYgpoJZux,Umbrella,,86,Good Girl Gone Bad: Reloaded,275986,False
5oO3drDxtziYU2H1X23ZIp,Love On The Brain,,87,ANTI (Deluxe),224000,True
7ySUcLPVX7KudhnmNcgY2D,S&M,,86,Loud (Japan Version),243600,True
2Yy0FsAV2I5VXU4xpph2WN,Stay,,79,Unapologetic (Edited Version),240706,False
2vlDrKpOC0eSTqTDRcbYyw,This Is What You Came For,,83,96 Months,221900,False
7i0jaBLpIADxqNbhAb4XFb,Diamonds,,77,Unapologetic (Edited Version),225146,False
3AJwUDP919kvQ9QcozQPxg,Yellow,,93,Parachutes,266773,False
1mea3bSkSGXuIRvnydlB5b,Viva La Vida,,90,Viva La Vida or Death and All His Friends,242373,False
6RUKPb4LETWmmr3iAEQktW,Something Just Like This,,90,Memories...Do Not Open,247160,False
75JFxkI2RXiU7L9VXzMkle,The Scientist,,91,A Rush of Blood to the Head,309600,False
0FDzzruyVECATHXKHFs9eJ,A Sky Full of Stars,,90,Ghost Stories,267866,False
7D0RhFcb3CrfPuTJ0obrod,Sparks,,89,Parachutes,227093,False
0BCPKOYdS2jbQ8iyB56Zns,Clocks,,88,A Rush of Blood to the Head,307879,False
7LVHVU3tWfcxj5aiPFEW4Q,Fix You,,88,X&Y,295533,False
69uxyAqqPIsUyTO8txoP2M,Adventure of a Lifetime,,88,A Head Full of Dreams,263786,False
6nek1Nin9q48AVZcWs9e9D,Paradise,,88,Mylo Xyloto,278719,False
0GRc3eGTg8HBdWLRGYgqIc,Azizam,,92,Azizam,162029,False
7qiZfU4dY1lWllzX7mPBI3,Shape of You,,91,÷ (Deluxe),233712,False
0tgVpDi06FyKpA1z0VMD4v,Perfect,,91,÷ (Deluxe),263400,False
1dyRiQZRGHZvesHh2hbp8g,Photograph,,80,x (Wembley Edition),258986,False
3cw4Y2ziYYiJV49bWN5H1D,Thinking out Loud,,76,x (Wembley Edition),281560,False
50nfwKoDiSYg8zOCREWAm5,Shivers,,85,=,207853,False
3rmo8F54jFF8OgYsqTxm5d,Bad Habits,,85,=,230746,False
2QxviKpVdEXKDWs706MUZB,Old Phone,,84,Old Phone,221831,False
6hvRoJ0BTZywxu8UCPBkzx,I Don't Care,,77,+-=÷× (Tour Collection),219946,False
0afhq8XCExXpqazXczTSve,Galway Girl,,83,÷ (Deluxe),170826,False
2CGNAOSuO1MEFCbBRgUzjd,luther (with sza),,92,GNX,177598,False
3GCdLUSnKSMJhs4Tj6CV3s,All The Stars (with SZA),,94,Black Panther The Album Music From And Inspired By,232186,True
6AI3ezQ4o3HUoP6Dhudph3,Not Like Us,,94,Not Like Us,274192,True
0aB0v4027ukVziUGwVGYpG,tv off (feat. lefty gunplay),,92,GNX,220690,True
74tLlkN3rgVzRqQJgPfink,Money Trees,,85,"good kid, m.A.A.d city",386906,True
7KXjTSCq5nL1LoYtL7XAwS,HUMBLE.,,89,DAMN.,177000,True
0nj9Bq5sHDiTxSHunhgkFb,squabble up,,88,GNX,157992,True
6PGoSes0D9eUDeeAafB2As,LOVE. FEAT. ZACARI.,,87,DAMN.,213400,False
2tudvzsrR56uom6smgOcSf,Like That,,87,WE DON'T TRUST YOU,267706,True
3aSWXU6owkZeVhh94XxEWO,30 For 30 (with Kendrick Lamar),,86,SOS Deluxe: LANA,278277,True
3sK8wGT43QFpWrvNQsrQya,DtMF,,97,DeBÍ TiRAR MáS FOToS,237117,True
2lTm559tuIvatlT1u0JYG2,BAILE INoLVIDABLE,,96,DeBÍ TiRAR MáS FOToS,367725,True
6J5kc12BW5HuP3d7C3vvx8,EoO,,94,DeBÍ TiRAR MáS FOToS,204768,True
5TFD2bmFKGhoCRbX61nXY5,NUEVAYoL,,94,DeBÍ TiRAR MáS FOToS,183685,False
59D4DOkspUbWyMmbAPQkxZ,VOY A LLeVARTE PA PR,,93,DeBÍ TiRAR MáS FOToS,156364,True
7d6yK8v8J484SWH5prIQiE,VeLDÁ,,93,DeBÍ TiRAR MáS FOToS,235336,True
0l0vcZMU7AOeQmUIREoI2U,Qué Pasaría...,,91,Cosa Nuestra,191018,True
4MUrUT38U98olfnyzMBCzm,KLOuFRENS,,90,DeBÍ TiRAR MáS FOToS,199114,True
0fea68AdmYNygeTGI4RC18,LA CANCIÓN,,90,OASIS,242573,False
5WEF0icHWmAZBBMglBd599,WELTiTA,,89,DeBÍ TiRAR MáS FOToS,187507,False
1BxfuPKGuaTgP7aM0Bbdwr,Cruel Summer,,91,Lover,178426,False
2OzhQlSqBEmt7hmkYxfT6m,Fortnight (feat. Post Malone),,85,THE TORTURED POETS DEPARTMENT,228965,False
4R2kfaDFhslZEMJqAFNpdd,cardigan,,86,folklore,239560,False
3hUxzQpSfdDqwM3ZTFQY0K,august,,86,folklore,261922,False
1dGr1c8CrMLDpV6mPbImSI,Lover,,87,Lover,221306,False
1u8c2t2Cy7UBoG4ArRcF5g,Blank Space,,84,1989 (Deluxe),231826,False
1R0a2iXumgCiFb7HEZ7gUE,Don’t Blame Me,,86,reputation,236413,False
4q5YezDOIPcoLr8R81x9qy,I Can Do It With a Broken Heart,,83,THE TORTURED POETS DEPARTMENT,218004,True
55n9yjI6qqXh5F2mYvUc2y,I Don’t Wanna Live Forever (Fifty Shades Darker),,84,reputation Stadium Tour Surprise Song Playlist,247160,False
0V3wPSX9ygBnCm8psDIegu,Anti-Hero,,84,Midnights,200690,False
6QFCMUUq1T2Vf5sFUXcuQ7,Beauty And A Beat,,85,Believe,227986,False
09CtPGIpYB4BrO8qb1RGsF,Sorry,,87,Purpose (Deluxe),200786,False
50kpGaPAhYJ3sGmk6vplg0,Love Yourself,,87,Purpose (Deluxe),233720,False
567e29TDzLwZwfDuEpGTwo,STAY (with Justin Bieber),,82,F*CK LOVE 3+: OVER YOU,141805,True
3JsydWaf2Ev4ehaLUjj3SY,Confident,,87,Journals,248133,False
6I3mqTwhRpn34SLVafSH7G,Ghost,,85,Justice,153190,False
6epn3r7S14KUqlReYr77hA,Baby,,86,My World 2.0,214240,False
4B0JvthVoAAuygILe3n4Bs,What Do You Mean?,,84,Purpose (Deluxe),205680,False
69u7FJV6RIbQS3VuqLPSwl,bad guy,,63,Playlist for Gamers,194839,False
6hvRoJ0BTZywxu8UCPBkzx,I Don't Care,,77,+-=÷× (Tour Collection),219946,False
2u9S9JJ6hTZS3Vf22HOZKg,NOKIA,,94,$ome $exy $ongs 4 U,241023,True
1zi7xx7UVEFkmKfv06H8x0,One Dance,,89,Views,173986,False
5mCPDVBb16L4XQwDdbRUpz,Passionfruit,,87,More Life,298940,True
0NUqi0ps17YpLUC3kgsZq0,DIE TRYING,,87,$ome $exy $ongs 4 U,195431,True
78O33U6jbQtNiNfbkZudpd,She Will,,82,Tha Carter IV (Explicit Version),305840,True
6DCZcSspjsKoFjzjrWoCdn,God's Plan,,86,Scorpion,198973,True
59nOXPmaKlBfGMDeOVGrIK,WAIT FOR U (feat. Drake & Tems),,85,I NEVER LIKED YOU,189893,True
6LxSe8YmdPxy095Ux6znaQ,Headlines,,85,Take Care (Deluxe),235986,True
1C7KSXR2GVxknex6I4ANco,9,,84,Views,255786,True
3F5CgOj3wFlRv51JsHbxhe,Jimmy Cooks (feat. 21 Savage),,83,"Honestly, Nevermind",218364,True
51ZQ1vr10ffzbwIjDCwqm4,we can't be friends (wait for your love),,89,eternal sunshine,228639,False
1edcyazKIdKrIuz9cWpXU6,twilight zone,,81,eternal sunshine deluxe: brighter days ahead (a cappella version),198320,False
142PiXzA84lmEw2RstFHFa,supernatural,,87,eternal sunshine,163381,False
7xoUc6faLbCqZO6fQEYprd,One Last Time,,86,My Everything (Deluxe),197266,False
1oFAF1hdPOickyHgbuRjyX,Save Your Tears (Remix) (with Ariana Grande) - Bonus Track,,83,After Hours (Deluxe),191013,False
76FZM38RC8XaAjJ77CVTNe,Into You,,84,Dangerous Woman,244453,False
6ocbgoVGwYJhOv1GgI9NsF,7 rings,,85,"thank u, next",178626,True
3nef5W8jTkXrOKgCu4kmq7,Dangerous Woman,,82,Dangerous Woman,235946,False
0Lmbke3KNVFXtoH2mMSHCw,the boy is mine,,83,eternal sunshine,173639,True
44ONERBHALxftQNWq6dmyd,Side To Side,,82,Dangerous Woman,226160,True
4uUG5RXrOk84mYEfFvj3cK,I'm Good (Blue),,88,I'm Good (Blue),175238,True
0TDLuuLlV54CkRRUOahJb4,Titanium (feat. Sia),,86,Nothing but the Beat (Ultimate Edition),245040,False
4TwEdnSiTPDR1vg1QZ5K8W,Beautiful People,,87,Beautiful People,187086,False
331l3xABO0HMr1Kkyh2LZq,I Don't Wanna Wait,,87,I Don't Wanna Wait,149667,False
7fLzbEOBOae9lUnOwr7Tse,Memories (feat. Kid Cudi),,83,One More Love,210093,False
2dGxjfhFXDIUX9h5ImyKkE,Sexy Bitch (feat. Akon),,83,One More Love,195853,True
3BKD1PwArikchz2Zrlp1qi,Baby Don't Hurt Me,,83,Baby Don't Hurt Me,140017,False
5YPMEOJ58kfl56VHxTgwx3,Play Hard (feat. Ne-Yo & Akon),,79,Nothing but the Beat (Ultimate Edition),201000,False
7ks6AZmFcm3Y6PGGxGSmlB,Where Them Girls At (feat. Nicki Minaj & Flo Rida),,78,Nothing but the Beat (Ultimate Edition),194840,True
3bg2qahpZmsg5wV2EMPXIk,Forever Young,,82,Forever Young,156923,False
2CGNAOSuO1MEFCbBRgUzjd,luther (with sza),,92,GNX,177598,False
3GCdLUSnKSMJhs4Tj6CV3s,All The Stars (with SZA),,94,Black Panther The Album Music From And Inspired By,232186,True
4iZ4pt7kvcaH6Yo8UoZ4s2,Snooze,,90,SOS,201800,True
040I32EKLxQrkuxQu1pqvT,Saturn,,84,SOS Deluxe: LANA,186191,False
1Qrg8KqiBpW07V7PNxwwwL,Kill Bill,,85,SOS,153946,False
4PMqSO5qyjpvzhlLI5GnID,Good Days,,85,SOS,278480,True
3U3hFkMr0Q90pD24EkE3Pr,BMF,,87,SOS Deluxe: LANA,180746,True
6koKhrBBcExADvWuOgceNZ,Open Arms (feat. Travis Scott),,84,SOS,239613,False
3aSWXU6owkZeVhh94XxEWO,30 For 30 (with Kendrick Lamar),,86,SOS Deluxe: LANA,278277,True
5Y35SjAfXjjG0sFQ3KOxmm,Nobody Gets Me,,86,SOS,180853,True
6qn9YLKt13AGvpq9jfO8py,We Found Love,,86,Talk That Talk,215226,False
7MmG8p0F9N3C4AXdK6o6Eb,Outside (feat. Ellie Goulding),,89,Motion,227266,False
78nx0HDJIFD5xDq2L5420Z,Blessings,,88,Blessings,219650,False
6YUTL4dYpB9xZO5qExPf05,Summer,,88,Motion,222533,False
1gihuPhrLraKYrJMAEONyc,Feel So Close - Radio Edit,,87,18 Months,206413,False
2vlDrKpOC0eSTqTDRcbYyw,This Is What You Came For,,83,96 Months,221900,False
76dIZzTdrNO15mGBrU3MHi,One Kiss (with Dua Lipa),,78,96 Months,214846,False
3ejfcz0QPyV717Vd3ta04V,My Way,,82,96 Months,219159,False
4slBllHFZYlpg3IjeX5CBl,How Deep Is Your Love,,80,96 Months,212495,False
5bcTCxgc7xVfSaMV3RuVke,"Feels (feat. Pharrell Williams, Katy Perry & Big Sean)",,84,Funk Wav Bounces Vol.1,223413,True
1XGmzt0PVuFgQYYnV2It7A,Payphone,,88,Overexposed Track By Track,231173,True
3TahdwXB4gJRWVAI00Ejqa,"Moves Like Jagger - Studio Recording From ""The Voice"" Performance",,73,Hands All Over (Revised Asia Standard Version),201493,False
7oUHzZKNKUTrlU7DYxhQ7v,Maps,,75,V (Asia Tour Edition),189960,False
4llK75pXNWZz6KAho2Gp16,She Will Be Loved - Radio Mix,,86,Songs About Jane: 10th Anniversary Edition,259453,False
6ECp64rv50XVz93WvxXMGF,This Love,,87,Songs About Jane: 10th Anniversary Edition,206200,False
5MI9rnOsAayuxi7pKVydNg,Priceless (feat. LISA),,87,Priceless (feat. LISA),163352,False
3h4T9Bg8OVSUYa6danHeH5,Animals,,76,V (Asia Tour Edition),231013,False
5d6Mjuu2uCGRPYpFjGpCX5,Sugar,,74,V (Asia Tour Edition),235493,True
4cktbXiXOapiLBMprHFErI,Memories,,85,JORDI (Deluxe),189486,False
6cpk00i5TxCqSeqNi2HuIe,One More Night,,82,Overexposed Track By Track,219546,False
5IZXB5IKAD2qlvTPJYDCFB,I Had Some Help (Feat. Morgan Wallen),,88,F-1 Trillion,178205,True
1BDLD4c07q0bmq2VCRsXoE,I Ain't Comin' Back (feat. Post Malone),,82,I’m The Problem,175271,False
0RiRZpuVRbi7oqRdSMwhQY,Sunflower - Spider-Man: Into the Spider-Verse,,85,Hollywood's Bleeding,157560,False
21jGcNKet2qwijlDFuPiPb,Circles,,88,Hollywood's Bleeding,215280,False
2OzhQlSqBEmt7hmkYxfT6m,Fortnight (feat. Post Malone),,85,THE TORTURED POETS DEPARTMENT,228965,False
0e7ipj03S05BNilyu5bRzt,rockstar (feat. 21 Savage),,84,beerbongs & bentleys,218146,True
6StwwqB84sJeLr7tZDTxEX,Guy For That (Feat. Luke Combs),,81,F-1 Trillion,164011,False
3a1lNhkSLSkpJE4MSHpDu9,Congratulations,,83,Stoney (Deluxe),220293,True
7dt6x5M1jzdTEt8oCbisTK,Better Now,,82,beerbongs & bentleys,231266,True
22VHOlVYBqytsrAqV8yXBK,Dial Drunk (with Post Malone),,81,Dial Drunk (with Post Malone),213817,True
6JIC3hbC28JZKZ8AlAqX8h,Cold Heart - PNAU Remix,,82,The Lockdown Sessions,202735,False
3PfIrDoz19wz7qK7tYeu62,Don't Start Now,,85,Future Nostalgia,183290,False
5b5cPscqVEMChvDqscVw26,Training Season,,83,Radical Optimism,209487,False
5nujrmhLynf4yMoMtj8AQF,Levitating (feat. DaBaby),,85,Future Nostalgia,203064,False
3gJAFFELdZyIM8tiwLAikg,Handlebars (feat. Dua Lipa),,85,Ruby,184698,True
76dIZzTdrNO15mGBrU3MHi,One Kiss (with Dua Lipa),,78,96 Months,214846,False
6D8y7Bck8h11byRY88Pt2z,Houdini,,86,Radical Optimism,185917,False
2ekn2ttSfGqwhhate0LSR0,New Rules,,84,Dua Lipa (Deluxe),209320,False
1vYXt7VSjH9JIM5oRRo7vA,Dance The Night - From Barbie The Album,,84,Dance The Night (From Barbie The Album),176579,False
76cy1WJvNGJTj78UqeA5zr,IDGAF,,82,Dua Lipa (Deluxe),217946,True
7lQ8MOhq6IN2w8EYcFNSUk,Without Me,,90,The Eminem Show,290320,True
5Z01UMMf7V1o0MzF86s6WJ,Lose Yourself,,80,Curtain Call: The Hits (Deluxe Edition),326466,True
561jH07mF1jHuk7KlaeF0s,Mockingbird,,88,Encore (Deluxe Version),250760,True
3yfqSUWxFvZELEM4PmlwIR,The Real Slim Shady,,87,The Marshall Mathers LP,284200,True
15JINEqzVMv3SvJTAXAKED,Love The Way You Lie,,87,Recovery,263373,True
4xkOaSrkexMciUUogZKVTS,Till I Collapse,,86,The Eminem Show,297786,True
4woTEX1wYOTGDqNXuavlRC,Superman,,85,The Eminem Show,350320,True
1CDQzbCz4KSQxHe7LMEgRM,Houdini,,78,The Death of Slim Shady (Coup De Grâce),227032,True
7FIWs0pqAYbP91WWM0vlTQ,Godzilla (feat. Juice WRLD),,84,Music To Be Murdered By,210800,True
3UmaczJpikHgJFyBTAJVoz,Stan,,83,The Marshall Mathers LP,404106,True
0fea68AdmYNygeTGI4RC18,LA CANCIÓN,,90,OASIS,242573,False
2lCkncy6bIB0LTMT7kvrD1,Azul,,86,Colores,205933,False
6JjPBQfI2Y8nIjnm65X6Pw,X (feat. Maluma & Ozuna) - Remix,,86,X (feat. Maluma & Ozuna) [Remix],235746,False
3mg9jYNC1NihbthlglzrWP,+57,,85,+57,298130,True
2beS6dD5rovBxSA1zYoSHR,No Me Conoce - Remix,,85,Famouz,309120,False
7COfe3P7KgfwDwIRB8LIDw,Mi Gente,,79,Vibras,185040,False
25ZAibhr3bdlMCLmubZDVt,QUE PRETENDES,,83,OASIS,222346,False
7hynhxDoDpgMIV12JuVtNa,UN PESO,,82,OASIS,277106,False
3Ga6eKrUFf12ouh9Yw3v2D,Downtown,,80,Downtown,193456,False
58q2HKrzhC3ozto2nDdN4z,I Like It,,80,Invasion of Privacy,253390,True
1htQDV8JxSuXG2QsNj5ttr,Last Friday Night (T.G.I.F.),,82,Teenage Dream,230733,False
2009X8GyWTqyxIdzAEYW6N,The One That Got Away,,80,Teenage Dream,227333,False
1TEjSXPdAakDotj2Wji3PU,Hot N Cold,,77,One Of The Boys,220226,False
1GhbQDYGEOjyFwfT8lojcx,California Gurls,,76,Teenage Dream,234653,False
4jbmgIyjGoXjY01XxatOx6,Dark Horse,,84,PRISM,215672,False
3lXbHd0EoryoQh3vpevNEP,Firework,,78,Teenage Dream,227893,False
6r1ygpKNXg7deq18rzyM7F,Teenage Dream,,76,Teenage Dream,227741,False
27tNWlhdAryQY04Gb2ZhUI,Roar,,83,PRISM,223546,False
5bcTCxgc7xVfSaMV3RuVke,"Feels (feat. Pharrell Williams, Katy Perry & Big Sean)",,84,Funk Wav Bounces Vol.1,223413,True
1pXrR5Y9OgcIV2JEAl2lCB,I Kissed A Girl,,74,One Of The Boys,179640,False
3ZFTkvIE7kyPt6Nu3PEa7V,Hips Don't Lie (feat. Wyclef Jean),,89,"Oral Fixation, Vol. 2 (Expanded Edition)",218093,False
0DWdj2oZMBFSzRsi2Cvfzf,TQG,,85,MAÑANA SERÁ BONITO,197933,True
6mICuAdrwEjh6Y6lroV2Kg,Chantaje (feat. Maluma),,85,El Dorado,195840,False
3OJDtCdYs8QJnui708tEU3,Soltera,,84,Soltera,214642,False
7jxHeJLVpnP7S08JFF4GBi,"Ciega, Sordomuda",,82,Donde Estan Los Ladrones,267826,False
0KAqMRUSZwzG3dZLdDA4eH,Antologia,,81,Pies Descalzos,254240,False
2lnzGkdtDj5mtlcOW2yRtG,"Whenever, Wherever",,80,Laundry Service,196160,False
5BSclXJTa9B0iURhUjZo50,La Tortura (feat. Alejandro Sanz),,80,"Fijación Oral, Vol. 1",212893,False
1zLBsSVxETQOfINOLYvT5m,GIRL LIKE ME,,80,TRANSLATION,222522,True
7o1Pm9jpH0wFpN5g793Lnq,Can't Remember to Forget You (feat. Rihanna),,80,Shakira. (Expanded Edition) [Spanish Version],206866,False
0TDLuuLlV54CkRRUOahJb4,Titanium (feat. Sia),,86,Nothing but the Beat (Ultimate Edition),245040,False
4TwEdnSiTPDR1vg1QZ5K8W,Beautiful People,,87,Beautiful People,187086,False
2J2Z1SkXYghSajLibnQHOa,Unstoppable,,81,This Is Acting,217746,False
4VrWlk8IQxevMvERoX08iC,Chandelier,,84,1000 Forms Of Fear,216120,False
3e7sxremeOE3wTySiOhGiP,Dusk Till Dawn (feat. Sia) - Radio Edit,,84,Icarus Falls,239000,False
27SdWb2rFzO6GWiYDBTD9j,Cheap Thrills,,82,This Is Acting,211666,False
1NpW5kyvO4XrNJ3rnfcNy3,Wild Ones (feat. Sia),,84,Wild Ones,232946,False
6kwAbEjseqBob48jCus7Sz,Elastic Heart,,81,1000 Forms Of Fear,257200,False
378iszndTZAR4dH8kwsLC6,Cheap Thrills (feat. Sean Paul),,78,This Is Acting,224813,False
6bLopGnirdrilrpdVB6Um1,The Greatest,,79,This Is Acting (Deluxe Version),210920,False
42VsgItocQwOQC3XWZ8JNA,FE!N (feat. Playboi Carti),,88,UTOPIA,191700,True
6gBFPUFcJLzWGx4lenP6h2,goosebumps,,87,Birds In The Trap Sing McKnight,243836,True
6koKhrBBcExADvWuOgceNZ,Open Arms (feat. Travis Scott),,84,SOS,239613,False
2xLMifQCjDGFmkHkpNLD9h,SICKO MODE,,86,ASTROWORLD,312820,True
3eekarcy7kvN4yt5ZFzltW,HIGHEST IN THE ROOM,,85,HIGHEST IN THE ROOM,175720,True
28drn6tQo95MRvO0jQEo5C,Type Shit,,85,WE DON'T TRUST YOU,228266,True
5wG3HvLhF6Y5KTGlK0IW3J,Trance (with Travis Scott & Young Thug),,85,HEROES & VILLAINS,194786,True
2cYqizR4lgvp4Qu6IQ3qGN,BUTTERFLY EFFECT,,83,ASTROWORLD,190557,False
4kjI1gwQZRKNDkw1nI475M,MY EYES,,84,UTOPIA,251249,True
6wsqVwoiVH2kde4k4KKAFU,I KNOW ?,,83,UTOPIA,211582,True
4QNpBfC0zvjKqPJcyqBy9W,Give Me Everything (feat. Nayer),,90,Planet Pit (Deluxe Version),252306,False
3cHyrEgdyYRjgJKSOiOtcS,Timber,,87,Global Warming: Meltdown (Deluxe Version),204160,False
2bJvI42r8EF3wxjOuDav4r,Time of Our Lives,,88,Globalization,229360,True
4356Typ82hUiFAynbLYbPn,DJ Got Us Fallin' In Love (feat. Pitbull),,87,Raymond v Raymond (Expanded Edition),220800,False
0Hf4aIJpsN4Os2f0y0VqWl,Feel This Moment (feat. Christina Aguilera),,85,Global Warming: Meltdown (Deluxe Version),229506,False
4Y7XAxTANhu3lmnLAzhWJW,Fireball (feat. John Ryan),,84,Globalization,236200,False
62zFEHfAYl5kdHYOivj4BC,International Love (feat. Chris Brown),,84,Planet Pit (Deluxe Version),227280,False
0OPyDgTRuIdCJ9B4bYSths,Hotel Room Service,,80,Pitbull Starring In Rebelution,237600,False
13plQdOoWSSXPRUSZc5FuM,I Know You Want Me (Calle Ocho),,80,Pitbull Starring In Rebelution,237120,False
3rfhI32Il2hVRKDkuGeeen,Hey Baby (Drop It to the Floor) (feat. T-Pain),,82,Planet Pit (Deluxe Version),234453,False
2HRqTpkrJO5ggZyyK6NPWz,Espresso,,90,Short n' Sweet,175459,True
5G2f63n7IPVPPjfNIGih7Q,Taste,,91,Short n' Sweet,157279,False
2tHwzyyOLoWSFqYNjeVMzj,Please Please Please,,87,Short n' Sweet,186365,True
0b0Dz0Gi86SVdBxYeiQcCP,Busy Woman,,90,Short n' Sweet (Deluxe),186612,True
1UHS8Rf6h5Ar3CDWRd3wjF,Bed Chem,,88,Short n' Sweet,171869,False
21B4gaTWnTkuSh77iWEXdS,Juno,,87,Short n' Sweet,223192,True
6dgUya35uo964z7GZXM07g,Nonsense,,87,emails i can't send,163648,False
2Zo1PcszsT9WQ0ANntJbID,Feather,,86,emails i can’t send fwd:,185552,True
102YUQbYmwdBXS7jwamI90,Good Graces,,83,Short n' Sweet,185265,True
1zhvxTuSha22nsUT5Nw8gE,15 Minutes,,84,Short n' Sweet (Deluxe),191519,True
5TRPicyLGbAF2LGBFbHGvO,Flashing Lights,,87,Graduation,237506,True
4EWCNWgDS8707fNSZ1oaA5,Heartless,,86,808s & Heartbreak,211000,False
7rbECVPkY5UODxoOUVKZnA,I Wonder,,85,Graduation,243440,True
3sNVsP50132BTNlImLx70i,Bound 2,,85,Yeezus,229146,True
3DK6m7It6Pw857FcQftMds,Runaway,,84,My Beautiful Dark Twisted Fantasy,547733,True
0mEdbdeRFQwBhN4xfyIeUM,Can't Tell Me Nothing,,84,Graduation,271600,True
2McT2fkH0VDqPsbiB9HWPq,CARNIVAL,,84,VULTURES 1,264334,True
0j2T0R9dR9qdJYsB7ciXhf,Stronger,,84,Graduation,311866,True
5SkRLpaGtvYPhw02vZhQQ9,All Falls Down,,84,The College Dropout,223506,True
3s7MCdXyWmwjdcWh7GWXas,Violent Crimes,,83,ye,215320,True
7DSAEUvxU8FajXtRloy8M0,Flowers,,89,Endless Summer Vacation,200600,False
3E7dfMvvCLUddWissuqMwr,Party In The U.S.A.,,84,The Time Of Our Lives (International Version),202066,False
2rDMtmPctM67hICAZTKAjx,End of the World,,70,Something Beautiful,250483,False
1daDRI9ahBonbWD8YcxOIB,Angels Like You,,85,Plastic Hearts,196453,False
2vwlzO0Qp8kfEtzTsCXfyE,Wrecking Ball,,84,Bangerz (Deluxe Version),221360,False
2y4lAQpi5VTNLu2ldeTdUH,We Can't Stop,,83,Bangerz (Deluxe Version),231240,False
02dRkCEc8Q5ch4TTcnLxOn,Nothing Breaks Like a Heart (feat. Miley Cyrus),,80,Late Night Feelings,217099,False
28RGHzCKNZEAWquYbZl3EI,More to Lose,,69,Something Beautiful,275780,False
5x5JM1BSB6vollcIzDocqT,The Climb,,77,The Time Of Our Lives (International Version),234520,False
2OBzYCYMNsD6yhBZZSs0xg,Easy Lover,,79,Something Beautiful,186639,False
3BJe4B8zGnqEdQPMvfVjuS,Summertime Sadness,,87,Born To Die - The Paradise Edition,265427,False
2nMeu6UenVvwUktBCpLMK9,Young And Beautiful,,89,Young And Beautiful,236053,False
2mdEsXPu8ZmkHRRtAdC09e,Cinnamon Girl,,88,Norman Fucking Rockwell!,300683,False
6GGtHZgBycCgGBUhZo81xe,Say Yes To Heaven,,87,Say Yes To Heaven,209156,False
1NZs6n6hl8UuMaX0UC0YTz,Brooklyn Baby,,86,Ultraviolence (Deluxe),351640,True
5Y6nVaayzitvsD5F7nr3DV,West Coast,,86,Ultraviolence (Deluxe),256760,False
0fBSs3fRoh1yJcne77fdu9,Video Games,,81,Born To Die - The Paradise Edition,281960,False
4Ouhoi2lAhrLJKFzUqEzwl,Born To Die,,80,Born To Die - The Paradise Edition,285400,False
2vtmY2mSccRzKGjtcHSzI3,Diet Mountain Dew,,80,Born To Die - The Paradise Edition,222920,False
1o82DwNisONAd2mu1RcGE6,Margaret (feat. Bleachers),,83,Did you know that there's a tunnel under Ocean Blvd,339890,False
0TwBtDAWpkpM3srywFVOV5,Crazy In Love (feat. JAY-Z),,84,Dangerously In Love,235933,False
2CvOqDpQIMw69cCzWqr5yr,Halo,,78,I AM...SASHA FIERCE - Platinum Edition,261160,False
7wLShogStyDeZvL0a6daN5,TEXAS HOLD 'EM,,77,COWBOY CARTER,233456,True
6GQuF9vzJAVs7fYN9ftBdP,Diva,,76,I AM...SASHA FIERCE - Platinum Edition,200320,False
557un1HgwYMuqfWGSTmnxw,Single Ladies (Put a Ring on It),,73,I AM...SASHA FIERCE - Platinum Edition,192586,False
1G7DcLzPnopdZjLkev0K4e,Irreplaceable,,73,B'Day,227666,False
1oQZk2bKBLgP1cbuFKvjkq,If I Were a Boy,,75,I AM...SASHA FIERCE - Platinum Edition,249866,False
1xzi1Jcr7mEi9K2RfzLOqS,CUFF IT,,79,RENAISSANCE,225388,True
7cioKB5CHVzk09SOtTyn0T,Haunted,,78,BEYONCÉ [Platinum Edition],369040,True
34h7O0d0ToOB60zYSFkGKH,Love On Top,,60,4,267413,False
5IgjP7X4th6nMNDh4akUHb,Under The Influence,,86,Indigo (Extended),184613,True
08M5qLQy0oUNrTMQv4xQac,MUTT (feat. Chris Brown) [CB REMIX],,61,MUTT Deluxe: HEEL,199492,False
62zFEHfAYl5kdHYOivj4BC,International Love (feat. Chris Brown),,84,Planet Pit (Deluxe Version),227280,False
3NZJlJemX3mzjf56MqC5ML,Forever,,83,Forever,278573,False
0vjeOZ3Ft5jvAi9SBFJm1j,Superhero (Heroes & Villains) [with Future & Chris Brown],,82,HEROES & VILLAINS,182666,True
5Lgcn7u07bHuqbOtXkN62u,With You,,81,Exclusive (Expanded Edition),252120,False
6txAWGckgEGJIhLjhNdtE9,Residuals,,76,11:11 (Deluxe),215178,False
3XqM8hLCEYlbnFjoWwqtFv,Angel Numbers / Ten Toes,,81,11:11,306847,True
6XHVuErjQ4XNm6nDPVCxVX,No Guidance (feat. Drake),,80,Indigo,260640,True
7xYnUQigPoIDAMPVK79NEq,Run It! (feat. Juelz Santana),,81,Chris Brown (Expanded Edition),229866,False
0pqnGHJpmpxLKifKRmU6WP,Believer,,89,Evolve,204346,False
5qaEfEh1AtSdrdrByCP7qR,Demons,,86,Night Visions,177506,False
1zB4vmk8tFRmM9UULNzbLB,Thunder,,88,Evolve,187146,False
54ipXppHLA8U4yqpOFTUhr,Bones,,83,Mercury - Acts 1 & 2,165264,False
3CIyK1V4JEJkg02E4EJnDl,Enemy (with JID) - from the series Arcane League of Legends,,82,Mercury - Acts 1 & 2,173381,False
62yJjFtgkhUrXktIoSjgP2,Radioactive,,82,Night Visions,186813,False
6Qn5zhYkTa37e91HC1D7lb,Whatever It Takes,,85,Evolve,201240,False
2RSHsoi04658QL5xgQVov3,Bad Liar,,83,Origins (Deluxe),260773,False
2FY7b99s15jUprqC0M5NCT,Natural,,83,Origins (Deluxe),189466,False
213x4gsFDm04hSqIUkg88w,On Top Of The World,,80,Night Visions,192280,False
3di5hcvxxciiqwMH1jarhY,Set Fire to the Rain,,85,21,242973,False
46IZ0fSY2mpAiktS3KOqds,Easy On Me,,85,30,224694,False
3bNv3VuUOKgrf5hu3YcuRo,Someone Like You,,84,21,285240,False
4OSBTYWVwsQhGLF9NHvIbR,Rolling in the Deep,,83,21,228093,False
6VObnIkLVruX4UVyxWhlqm,Skyfall,,86,Skyfall,286480,False
0DuWDLjriRPjDRoPgaCslY,Love In The Dark,,83,25,285935,False
6O5TrlFWTYvznd9fMC0VvU,When We Were Young,,81,25,290900,False
4zFHwVj4A8s0G5f7aOlpKo,Hometown Glory,,79,19,271226,True
0Z5ok0QLLttAKsujOZYOXf,Chasing Pavements,,79,19,210506,False
1Yk0cQdMLx5RzzFTYwmuld,Hello,,78,25,295502,False
3xkHsmpQCBMytMJNiDf3Ii,Beautiful Things,,93,Fireworks & Rollerblades,180304,False
3x3K1RP3Zfi2qeMR8kyrNO,Sorry I'm Here For Someone Else,,92,Sorry I'm Here For Someone Else,156582,False
221eHga9f9Ne4f8D7WVgPT,Mystical Magical,,91,Mystical Magical,165746,False
51eSHglvG1RJXtL3qI5trr,Slow It Down,,89,Fireworks & Rollerblades,161831,False
315aBOUD3xtj7sUMXtRgMV,In The Stars,,87,Fireworks & Rollerblades,216410,False
33vZRjxJScapmRShRJq8I0,NIGHTS LIKE THESE,,84,Walk Me Home...,172514,False
6HuHyXviAdpmnQu73JHfBz,Ghost Town,,82,Fireworks & Rollerblades,193733,False
1QxxBUAx42J8pIFYJJR880,Pretty Slowly,,83,Pretty Slowly,261420,False
3h76tbaYIamSeJL81X7ZwI,Cry,,79,Fireworks & Rollerblades,186359,False
2TOEn8TnvwiQgwZdqVtfH5,Momma Song,,79,Momma Song,197160,False
5YoITs1m0q8UOQ4AW7N5ga,Gasolina,,86,Barrio Fino (Bonus Track Version),192600,False
6habFhsOp2NvshLv26DqMb,Despacito,,84,VIDA,229360,False
69vlMrzHwATKzupwNcUPyK,La Santa,,83,YHLQMDLG,206420,True
5w9c2J52mkdntKOmRLeM2m,Con Calma,,82,Con Calma,193226,False
40a82F3K2UTbeoLlXXXZBd,"Lo Que Pasó, Pasó",,81,Barrio Fino (Bonus Track Version),210933,False
4t9a07PAghtQMRAIP9FQ7Z,Soltera (Remix),,78,Épico,266086,False
3pDhN3qB33AOPhQEkUCaWt,Limbo,,80,Prestige,224693,False
0KkIkfsLEJbrcIhYsCL7L5,China,,73,Emmanuel,301714,False
1vnnXMrBeEWiRg3YCMCjQq,Despacito - Remix,,74,VIDA,230413,False
4Xtlw8oXkIOvzV7crUBKeZ,Rompe,,79,Barrio Fino En Directo,188626,True
5UJbgR4XF4y1DvbkxEqe8S,Sports car,,89,So Close To What,165045,False
541sN2qNfIlllGn9nGOQoC,Revolving door,,91,So Close To What,180032,True
04emojnbYkrRmv5qtJcgVP,What I Want (feat. Tate McRae),,91,I’m The Problem,184517,False
3rUGC1vUpkDG9CZFHMur1t,greedy,,91,greedy,131872,True
3OfqwyE7RrZrtuxCRixfII,It's ok I'm ok,,83,So Close To What,156642,True
4l0RmWt52FxpVxMNni6i63,you broke me first,,87,TOO YOUNG TO BE SAD,170226,True
4E63weMCaNZuGPEFMnuEi8,exes,,85,THINK LATER,159400,True
2yWlGEgEfPot0lv3OAjuG3,Just Keep Watching (From F1® The Movie),,85,Just Keep Watching (From F1® The Movie),142550,False
4xvEn1vhrF9JbPFWqTXsH4,I know love (feat. The Kid LAROI),,81,So Close To What,156222,True
51hyZpbJlIgZIaX3TtMxmu,run for the hills,,84,THINK LATER,143940,True
5XeFesFbtLpXzIVDNQP22n,I Wanna Be Yours,,94,AM,183956,False
0BxE4FqsDD1Ot4YuBXwAPp,505,,89,Favourite Worst Nightmare,253586,False
5TTGoX70AFrTvuEtqHK37S,No. 1 Party Anthem,,90,AM,243131,False
5FVd6KXrgO9B3JPmC8OPst,Do I Wanna Know?,,90,AM,272394,False
086myS9r57YsLbJpU0TgK9,Why'd You Only Call Me When You're High?,,87,AM,161123,False
2AT8iROs4FQueDv2c8q2KE,R U Mine?,,84,AM,201726,False
2x8evxqUlF0eRabbW2JBJd,Fluorescent Adolescent,,80,Favourite Worst Nightmare,183893,False
0NdTUS4UiNYCNn5FgVqKQY,Snap Out Of It,,81,AM,193030,False
7nzsY8vlnKdvGOEE0rjAXZ,Arabella,,79,AM,207356,False
2LGdO5MtFdyphi2EihANZG,Knee Socks,,78,AM,257563,False
2tudvzsrR56uom6smgOcSf,Like That,,87,WE DON'T TRUST YOU,267706,True
2Hh3ETdQKrmSI3QS0hme7g,Too Many Nights (feat. Don Toliver & with Future),,85,HEROES & VILLAINS,199920,True
7EiZI6JVHllARrX9PUvAdX,Low Life (feat. The Weeknd),,85,EVOL,313546,True
28drn6tQo95MRvO0jQEo5C,Type Shit,,85,WE DON'T TRUST YOU,228266,True
0VgkVdmE4gld66l8iyGjgx,Mask Off,,85,FUTURE,204600,True
59nOXPmaKlBfGMDeOVGrIK,WAIT FOR U (feat. Drake & Tems),,85,I NEVER LIKED YOU,189893,True
4lH6nENd1y81jp7Yt9lTBX,Solo,,84,HNDRXX,265996,True
0vjeOZ3Ft5jvAi9SBFJm1j,Superhero (Heroes & Villains) [with Future & Chris Brown],,82,HEROES & VILLAINS,182666,True
5eW508Gq23QlXHowyzW39m,Money On Money (feat. Future),,81,Money On Money (feat. Future),236626,True
52NGJPcLUzQq5w7uv4e5gf,Private Landing (feat. Justin Bieber & Future),,80,Love Sick,238253,True
1tl3FlHkWU3nqZOssE5Zxu,Mil Maneras,,6,Mil Maneras,230951,False
7Lywx1rKbpJyWZjOmUiaHb,Labirynth,,5,Labirynth,283210,False
7KNmIjcmGJIBrhP2s5Vioe,Born Again (feat. Doja Cat & RAYE),,83,Alter Ego,231174,True
3DarAbFujv6eYNliUTyqtz,Kiss Me More (feat. SZA),,86,Planet Her,208666,True
6Uj1ctrBOjOas8xZXGqKk4,Woman,,85,Planet Her,172626,True
60ynsPSSKe6O3sfwRnIBRf,Streets,,85,Hot Pink,226986,True
56y1jOTK0XSvJzVv9vHQBK,Paint The Town Red,,77,Scarlet,230480,True
5PyDJG7SQRgWXefgexqIge,Agora Hills,,78,Scarlet,265360,True
2qyhy9ndo8tTGMzXeHTisR,So High,,80,So High,201573,True
3Vi5XqYrmQgOYBajMWSvCi,Need to Know,,82,Planet Her,210560,True
1VJwtWR6z7SpZRwipI12be,Candy,,81,Amala,190920,True
02BcXEH1zJYbXSabPtNlKf,Lose My Mind (feat. Doja Cat) [From F1® The Movie],,81,Lose My Mind (feat. Doja Cat) [From F1® The Movie],209051,False
2tpWsVSb9UEmDRxAl1zhX1,Counting Stars,,90,Native,257265,False
0oF9jpn0n8afMpbHKgRd6J,I Ain't Worried,,81,Artificial Paradise (Deluxe),148485,False
331l3xABO0HMr1Kkyh2LZq,I Don't Wanna Wait,,87,I Don't Wanna Wait,149667,False
3IQF4xCQUPicbA4hWfTxPo,I Lived,,80,Native,234546,False
7qKIbKpRqsDoXG5vMK6fuT,Sunshine,,75,Artificial Paradise (Deluxe),163854,False
3UhXPxLDFKCj1ZO6mmtV0a,Apologize,,76,Dreaming Out Loud,208106,False
1NhPKVLsHhFUHIOZ32QnS2,Secrets,,80,Waking Up,224693,False
6KL88T4Ma4ABXqzgUoEwkd,Run,,76,Human (Deluxe),168259,False
6OtCIsQZ64Vs1EbzztvAv4,Good Life,,78,Waking Up,253306,True
0xSjAuPhm9tJXX2nRt2Avv,Chasing Paradise,,77,Chasing Paradise,180091,False
7BqHUALzNBTanL6OvsqmC1,Happier,,85,Happier,214289,False
4pkb8SbRGeHAvdb87v9rpf,Miles On It,,84,Miles On It,168355,False
5KbBVSj6AJZ5662fO8EYFh,El Merengue,,80,Sugar Papi,189668,False
4qu63nuBpdn0qHUHuObEj1,Leave Before You Love Me (with Jonas Brothers),,81,Leave Before You Love Me,154983,False
7vGuf3Y35N4wmASOKLUVVU,Silence,,81,Silence,180822,False
6CvTEtGagmzQvkUzzyKR9k,HARLEY QUINN,,80,Pa las Baby's Y Belikeada,143327,True
1wIyr1y5wiWqo7nqbxHpWt,FRIENDS,,77,FRIENDS,201733,True
0tBbt8CrmxbjRP0pueQkyU,Wolves,,79,Wolves,197993,False
2Y0wPrPQBrGhoLn14xRYCG,Come & Go (with Marshmello),,77,Legends Never Die,205484,True
14e2ob5d6fW1TTn5ZlXF5N,Si Ai - Marshmello & UKAY Remix,,78,Si Ai (Marshmello & UKAY Remix),183999,False
7795WJLVKJoAyVoOtCWqXN,I'm Not The Only One,,86,In The Lonely Hour,239316,False
51ODNNDZm21HU7wI7cccRr,Latch,,84,Settle (Special Edition),255631,False
3wPPWcVuinAU7dXcJXtCID,La La La,,81,Hotel Cabana (Deluxe Version),222200,False
5Nm9ERjJZ5oyfXZTECKmRt,Stay With Me,,84,In The Lonely Hour,172723,False
1mXVgsBdtIVeCLJnSnmtdV,Too Good At Goodbyes,,84,The Thrill Of It All (Special Edition),201000,False
0NZPBYD5qbEWRs3PrGiRkT,Unholy (feat. Kim Petras),,76,Gloria,156943,False
3xgT3xIlFGqZjYW9QlhJWp,Dancing With A Stranger (with Normani),,78,Love Goes,171029,False
7t3Xdbufg7q2onVsR8RBdY,Fire On Fire,,79,Love Goes,246735,False
6auDCEMr5aHTNu4Kw9h5U6,Promises (with Sam Smith),,74,96 Months,213309,False
2TeLIzFBe3hxkPR5FIQZut,Like I Can,,76,In The Lonely Hour,167065,False
60a0Rd6pjrkxjPbaKzXjfq,In the End,,91,Hybrid Theory (Bonus Edition),216880,False
2nLtzopw4rPReszdYBJU6h,Numb,,90,Meteora,187520,False
1EDPVGbyPKJPeGqATwXZvN,The Emptiness Machine,,85,From Zero,190427,True
4Yf5bqU3NK4kNOypcrLYwU,Faint,,86,Meteora,162106,False
3K4HG9evC7dg3N0R9cYqk4,One Step Closer,,85,Hybrid Theory (Bonus Edition),157333,False
18lR4BzEs7e3qzc0KVkTpU,What I've Done,,85,Minutes to Midnight,205226,False
3fjmSxt0PskST13CSdBUFx,Somewhere I Belong,,83,Meteora (Bonus Edition),213933,False
2HBBM75Xv3o2Mqdyh1NcM0,Heavy Is the Crown,,82,From Zero,167012,False
2SwdMXPvGdciXamSjfoNH9,Up From the Bottom,,74,From Zero (Deluxe Edition),183223,False
57BrRMwf9LrcmuOsyGilwr,Crawling,,83,Hybrid Theory (Bonus Edition),208960,False
4kLLWz7srcuLKA7Et40PQR,I Gotta Feeling,,86,THE E.N.D. (THE ENERGY NEVER DIES) [Deluxe Version],289133,False
3F9ByoUqu31xU0I3G5xfVg,Meet Me Halfway,,82,THE E.N.D. (THE ENERGY NEVER DIES) [Deluxe Version],284373,False
0xmjwnQ3FNE6HuWCt2nHdZ,Where Is The Love?,,84,Elephunk,272533,False
2ygMBIctKIAfbEBcT9065L,Pump It,,83,Monkey Business,213066,True
3JA9Jsuxr4xgHXEawAdCp4,Just Can’t Get Enough,,83,The Beginning,219426,False
2WQ09wqQBIOor7Q0VpIDBK,Rock That Body,,78,THE E.N.D. (THE ENERGY NEVER DIES) [Deluxe Version],268840,False
1zLBsSVxETQOfINOLYvT5m,GIRL LIKE ME,,80,TRANSLATION,222522,True
20jYtEun4dUdYZ9foaOC48,My Humps,,79,Monkey Business,326960,False
4hfIVhq0F0zFUcrbecsYmo,Let's Get It Started - Spike Mix,,78,Elephunk,217733,False
5NyS3oxTlos3Agl2YtZwrC,RITMO (Bad Boys For Life),,72,TRANSLATION,214854,True
2RkZ5LkEzeHGRsmDqKwmaJ,Ordinary,,94,"You'll Be Alright, Kid (Chapter 1)",186964,False
1wOp7yTVyH176bW1z9WAiv,Carry You Home,,87,"You'll Be Alright, Kid (Chapter 1)",166880,False
0qmhTHMVxnXRmT5N92wTD9,Bloodline (with Jelly Roll),,88,Bloodline (with Jelly Roll),182008,False
792FHkvZbBQuWWM1a4TfL8,Before You Leave Me,,84,"You'll Be Alright, Kid (Chapter 1)",176178,False
6aybzjLxocD14YySwF3aus,Burning Down,,81,"You'll Be Alright, Kid (Chapter 1)",179437,False
3diSxgK7bRIZzqu5IqFgd1,Burning Down (with Joe Jonas),,83,Burning Down (with Joe Jonas),179437,False
4t6qMeHgbxWod2SLokiSQp,Ordinary - Wedding Version,,82,Ordinary (Wedding Version),186964,False
0TdacYZkgRxz8ZvHUtpimP,Save You a Seat,,79,"You'll Be Alright, Kid (Chapter 1)",197573,False
1aOdsNEQP9wVJEN9a73GRf,Troubled Waters,,79,"You'll Be Alright, Kid (Chapter 1)",197775,False
3KLQCsKrZSResAeGxkx9n0,Chasing Shadows,,77,"You'll Be Alright, Kid (Chapter 1)",164027,False
0u2P5u6lvoDfwTYjAADbn4,lovely (with Khalid),,90,lovely (with Khalid),200185,False
7FGq80cy8juXBCD2nrqdWU,Eastside (with Halsey & Khalid),,82,FRIENDS KEEP SECRETS,170769,False
5Z3GHaZ6ec9bsiI5BenrbY,Young Dumb & Broke,,84,American Teen,202546,False
2OpBganfGk2GVdSlRdxzaX,Better,,81,Suncity,229320,True
7vGuf3Y35N4wmASOKLUVVU,Silence,,81,Silence,180822,False
152lZdxL1OR0ZMW6KquMif,Location,,80,American Teen,219080,False
70eFcWOvlMObDhURTqT4Fv,Beautiful People (feat. Khalid),,74,No.6 Collaborations Project,197866,False
5bgwqaRSS3M8WHWruHgSL5,8TEEN,,78,American Teen,228600,False
6TqXcAFInzjp0bODyvrWEq,Talk (feat. Disclosure),,75,Free Spirit,197573,False
10xV5l9nhLvFpR8mqzs0bL,Numb,,76,Numb,155588,False
0FIDCNYYjNvPVimz5icugS,Timeless (feat Playboi Carti),,95,Hurry Up Tomorrow,256000,True
42VsgItocQwOQC3XWZ8JNA,FE!N (feat. Playboi Carti),,88,UTOPIA,191700,True
68qeaZhtMZ6abrJCYt6nQn,RATHER LIE (with The Weeknd),,88,MUSIC,209680,True
6iycYUk3oB0NPMdaDUrN1w,EVIL J0RDAN,,87,MUSIC,183928,True
28drn6tQo95MRvO0jQEo5C,Type Shit,,85,WE DON'T TRUST YOU,228266,True
6WzRpISELf3YglGAh7TXcG,Popular (with Playboi Carti & Madonna) - From The Idol Vol. 1 (Music from the HBO Original Series),,85,Popular (Music from the HBO Original Series),215466,True
0U1bfnMhuViHvUhDfxp1NX,"CARNIVAL (feat. Rich The Kid, Playboi Carti)",,63,"CARNIVAL PACK (feat. Rich The Kid, Playboi Carti)",264324,True
29TPjc8wxfz4XMn21O7VsZ,Sky,,82,Whole Lotta Red,193234,True
2n9fC0A4ptmWqYeMXEVaok,GOOD CREDIT (with Kendrick Lamar),,81,MUSIC,190373,True
3VdooJLOy4tLxKpnn46SMP,CRUSH (with Travis Scott),,81,MUSIC,173320,True
1DpC4L3JjsGRW7y6eTHaMj,Ojos Tristes (with The Marías),,82,I Said I Love You First,201920,False
1s7oOCT8vauUh01PbJD6ps,Calm Down (with Selena Gomez),,78,Rave & Roses Ultra,239317,False
1OdvKyTexzm8ZEmdCxhGsX,Call Me When You Break Up (with Gracie Abrams),,79,I Said I Love You First,126831,False
6vuVCtwukUA57ioTnKKeuL,Bluest Flame,,78,I Said I Love You First,162995,False
5xdVqHtFS0eLuNp4Z8Wbpa,Good For You,,79,Revival (Deluxe),221280,False
3eR23VReFzcdmS7TYCrhCe,It Ain't Me (with Selena Gomez),,80,It Ain't Me (with Selena Gomez),220780,False
4l0Mvzj72xxOpRrp6h8nHi,Lose You To Love Me,,81,Rare,206458,False
7sFMOSnRBa6td4lZa1oiTI,How Does It Feel To Be Forgotten,,80,I Said I Love You First,161030,True
1E70pcxXiSQLtxdowVXkbM,Sunset Blvd,,76,I Said I Love You First,167584,False
4lnAN2S1fcI0SjxEbksZVr,Fetish (feat. Gucci Mane),,79,Fetish (feat. Gucci Mane),186112,False
